-- =========================
-- EMPLOYEES
-- =========================
INSERT INTO for_task.employees (employee_id, department, position, hire_date, base_salary, status) VALUES
(1, 'HR', 'HR Specialist', '2023-01-15', 6500.00, 'active'),
(2, 'IT', 'Data Analyst', '2022-07-10', 9000.00, 'active'),
(3, 'Operations', 'Coordinator', '2024-03-01', 6200.00, 'active'),
(4, 'Finance', 'Payroll Specialist', '2021-11-20', 7800.00, 'active'),
(5, 'Recruitment', 'Recruiter', '2023-09-05', 6800.00, 'active'),
(6, 'IT', 'BI Analyst', '2024-01-08', 9500.00, 'active'),
(7, 'HR', 'HR Manager', '2020-06-14', 10500.00, 'active'),
(8, 'Operations', 'Team Lead', '2022-02-18', 8000.00, 'inactive');


-- =========================
-- ATTENDANCE
-- =========================
INSERT INTO for_task.attendance (employee_id, month, hours_worked, absence_days) VALUES
(1, '2025-01', 168, 1),
(1, '2025-02', 160, 2),
(2, '2025-01', 168, 0),
(2, '2025-02', 152, 3),
(3, '2025-01', 160, 1),
(3, '2025-02', 168, 0),
(4, '2025-01', 168, 0),
(4, '2025-02', 160, 1),
(5, '2025-01', 156, 2),
(5, '2025-02', 160, 1),
(6, '2025-01', 168, 0),
(6, '2025-02', 168, 0),
(7, '2025-01', 160, 1),
(7, '2025-02', 152, 2),
(8, '2025-01', 168, 0),
(8, '2025-02', 0, 20);


-- =========================
-- SALARIES
-- =========================
INSERT INTO for_task.salaries (employee_id, month, salary, bonus) VALUES
(1, '2025-01', 6500.00, 300.00),
(1, '2025-02', 6500.00, 200.00),
(2, '2025-01', 9000.00, 500.00),
(2, '2025-02', 9000.00, 600.00),
(3, '2025-01', 6200.00, 150.00),
(3, '2025-02', 6200.00, 200.00),
(4, '2025-01', 7800.00, 350.00),
(4, '2025-02', 7800.00, 300.00),
(5, '2025-01', 6800.00, 250.00),
(5, '2025-02', 6800.00, 250.00),
(6, '2025-01', 9500.00, 700.00),
(6, '2025-02', 9500.00, 650.00),
(7, '2025-01', 10500.00, 800.00),
(7, '2025-02', 10500.00, 850.00),
(8, '2025-01', 8000.00, 400.00),
(8, '2025-02', 8000.00, 0.00);